variety,winery
Pinot Noir,Williams Selyem
Pinot Noir,Williams Selyem
Pinot Noir,Williams Selyem
Pinot Noir,Williams Selyem
Pinot Noir,Williams Selyem
Pinot Noir,Williams Selyem
Pinot Noir,Williams Selyem
Pinot Noir,Williams Selyem
Pinot Noir,Williams Selyem
Pinot Noir,Williams Selyem
Chardonnay,Williams Selyem
Chardonnay,Williams Selyem
Pinot Noir,Williams Selyem
Pinot Noir,Williams Selyem
Pinot Noir,Williams Selyem
Zinfandel,Williams Selyem
Pinot Noir,Williams Selyem
Pinot Noir,Williams Selyem
Pinot Noir,Williams Selyem
Pinot Noir,Williams Selyem
Pinot Noir,Williams Selyem
Pinot Noir,Williams Selyem
Pinot Noir,Williams Selyem
Pinot Noir,Williams Selyem
Zinfandel,Williams Selyem
Pinot Noir,Williams Selyem
Pinot Noir,Williams Selyem
Pinot Noir,Williams Selyem
Pinot Noir,Williams Selyem
Pinot Noir,Williams Selyem
Zinfandel,Williams Selyem
Chardonnay,Williams Selyem
Chardonnay,Williams Selyem
Pinot Noir,Williams Selyem
Chardonnay,Williams Selyem
Pinot Noir,Williams Selyem
Chardonnay,Williams Selyem
Pinot Noir,Williams Selyem
Chardonnay,Williams Selyem
Pinot Noir,Williams Selyem
Pinot Noir,Williams Selyem
Chardonnay,Williams Selyem
Pinot Noir,Williams Selyem
Pinot Noir,Williams Selyem
Pinot Noir,Williams Selyem
Pinot Noir,Williams Selyem
Pinot Noir,Williams Selyem
Pinot Noir,Williams Selyem
Pinot Noir,Williams Selyem
Pinot Noir,Williams Selyem
Pinot Noir,Williams Selyem
Pinot Noir,Williams Selyem
Pinot Noir,Williams Selyem
Pinot Noir,Williams Selyem
Pinot Noir,Williams Selyem
Pinot Noir,Williams Selyem
Pinot Noir,Williams Selyem
Pinot Noir,Williams Selyem
Chardonnay,Williams Selyem
Pinot Noir,Williams Selyem
Pinot Noir,Williams Selyem
Zinfandel,Williams Selyem
Port,Williams Selyem
Pinot Noir,Williams Selyem
Zinfandel,Williams Selyem
Chardonnay,Williams Selyem
Chardonnay,Williams Selyem
Pinot Noir,Williams Selyem
Pinot Noir,Williams Selyem
Gewürztraminer,Williams Selyem
Pinot Noir,Williams Selyem
Zinfandel,Williams Selyem
Chardonnay,Williams Selyem
Pinot Noir,Williams Selyem
Chardonnay,Williams Selyem
Pinot Noir,Williams Selyem
Chardonnay,Williams Selyem
Pinot Noir,Williams Selyem
Pinot Noir,Williams Selyem
Pinot Noir,Williams Selyem
Pinot Noir,Williams Selyem
Chardonnay,Williams Selyem
Pinot Noir,Williams Selyem
Chardonnay,Williams Selyem
Pinot Noir,Williams Selyem
Pinot Noir,Williams Selyem
Pinot Noir,Williams Selyem
Pinot Noir,Williams Selyem
Pinot Noir,Williams Selyem
Pinot Noir,Williams Selyem
Pinot Noir,Williams Selyem
Pinot Noir,Williams Selyem
Pinot Noir,Williams Selyem
Pinot Noir,Williams Selyem
Pinot Noir,Williams Selyem
Zinfandel,Williams Selyem
Chardonnay,Williams Selyem
Chardonnay,Williams Selyem
Pinot Noir,Williams Selyem
Chardonnay,Williams Selyem
Pinot Noir,Williams Selyem
Gewürztraminer,Williams Selyem
Pinot Noir,Williams Selyem
Pinot Noir,Williams Selyem
Pinot Noir,Williams Selyem
Pinot Noir,Williams Selyem
Chardonnay,Williams Selyem
Pinot Noir,Williams Selyem
Pinot Noir,Williams Selyem
Pinot Noir,Williams Selyem
Pinot Noir,Williams Selyem
Pinot Noir,Williams Selyem
Pinot Noir,Williams Selyem
Pinot Noir,Williams Selyem
Chenin Blanc,Williams Selyem
Pinot Noir,Williams Selyem
Zinfandel,Williams Selyem
Zinfandel,Williams Selyem
Pinot Noir,Williams Selyem
Pinot Noir,Williams Selyem
Chardonnay,Williams Selyem
Chardonnay,Williams Selyem
Chardonnay,Williams Selyem
Pinot Noir,Williams Selyem
Pinot Noir,Williams Selyem
Pinot Noir,Williams Selyem
Pinot Noir,Williams Selyem
Pinot Noir,Williams Selyem
Zinfandel,Williams Selyem
Pinot Noir,Williams Selyem
Pinot Noir,Williams Selyem
Port,Williams Selyem
Pinot Noir,Williams Selyem
Port,Williams Selyem
Pinot Noir,Williams Selyem
Pinot Noir,Williams Selyem
Pinot Noir,Williams Selyem
Sparkling Blend,Williams Selyem
Pinot Noir,Williams Selyem
Pinot Noir,Williams Selyem
Zinfandel,Williams Selyem
Pinot Noir,Williams Selyem
Chardonnay,Williams Selyem
Chardonnay,Williams Selyem
Pinot Noir,Williams Selyem
Pinot Noir,Williams Selyem
Pinot Noir,Williams Selyem
Pinot Noir,Williams Selyem
Pinot Noir,Williams Selyem
Gewürztraminer,Williams Selyem
Pinot Noir,Williams Selyem
Chardonnay,Williams Selyem
Chardonnay,Williams Selyem
Chardonnay,Williams Selyem
Chardonnay,Williams Selyem
Pinot Noir,Williams Selyem
Gewürztraminer,Williams Selyem
Zinfandel,Williams Selyem
Zinfandel,Williams Selyem
Pinot Noir,Williams Selyem
Chardonnay,Williams Selyem
Pinot Noir,Williams Selyem
Chardonnay,Williams Selyem
Zinfandel,Williams Selyem
Pinot Noir,Williams Selyem
Pinot Noir,Williams Selyem
Pinot Noir,Williams Selyem
Pinot Noir,Williams Selyem
Pinot Noir,Williams Selyem
Zinfandel,Williams Selyem
Pinot Noir,Williams Selyem
Pinot Noir,Williams Selyem
Pinot Noir,Williams Selyem
Chardonnay,Williams Selyem
Chardonnay,Williams Selyem
Pinot Noir,Williams Selyem
Zinfandel,Williams Selyem
Pinot Noir,Williams Selyem
Zinfandel,Williams Selyem
Zinfandel,Williams Selyem
Zinfandel,Williams Selyem
Pinot Noir,Williams Selyem
Chardonnay,Williams Selyem
Pinot Noir,Williams Selyem
Pinot Noir,Williams Selyem
Pinot Noir,Williams Selyem
Pinot Noir,Williams Selyem
Pinot Noir,Williams Selyem
Chardonnay,Williams Selyem
Pinot Noir,Williams Selyem
Pinot Noir,Williams Selyem
Chardonnay,Williams Selyem
Pinot Noir,Williams Selyem
Pinot Noir,Williams Selyem
Pinot Noir,Williams Selyem
Pinot Noir,Williams Selyem
Pinot Noir,Williams Selyem
Chardonnay,Williams Selyem
Chardonnay,Williams Selyem
Pinot Noir,Williams Selyem
Pinot Noir,Williams Selyem
Gewürztraminer,Williams Selyem
Pinot Noir,Williams Selyem
Pinot Noir,Williams Selyem
Pinot Noir,Williams Selyem
Chardonnay,Williams Selyem
Pinot Noir,Williams Selyem
Pinot Noir,Williams Selyem
Pinot Noir,Williams Selyem
Pinot Noir,Williams Selyem
Pinot Noir,Williams Selyem
Pinot Noir,Williams Selyem
Pinot Noir,Williams Selyem
Zinfandel,Williams Selyem
Pinot Noir,Williams Selyem
Pinot Noir,Williams Selyem
Pinot Noir,Williams Selyem
Pinot Noir,Williams Selyem
Pinot Noir,Williams Selyem
Pinot Noir,Williams Selyem
Pinot Noir,Williams Selyem
Pinot Noir,Williams Selyem
Pinot Noir,Williams Selyem
Pinot Noir,Williams Selyem
Pinot Noir,Williams Selyem
Port,Williams Selyem
Chenin Blanc,Williams Selyem
Chardonnay,Williams Selyem
Gewürztraminer,Williams Selyem
Zinfandel,Williams Selyem
Pinot Noir,Williams Selyem
Chardonnay,Williams Selyem
Pinot Noir,Williams Selyem
Gewürztraminer,Williams Selyem
Zinfandel,Williams Selyem
Pinot Noir,Williams Selyem
Pinot Noir,Williams Selyem
Pinot Noir,Williams Selyem
Pinot Noir,Williams Selyem
Pinot Noir,Williams Selyem
Muscat,Williams Selyem
Chardonnay,Williams Selyem
Pinot Noir,Williams Selyem
Pinot Noir,Williams Selyem
Pinot Noir,Williams Selyem
Zinfandel,Williams Selyem
Pinot Noir,Williams Selyem
Pinot Noir,Williams Selyem
Pinot Noir,Williams Selyem
Zinfandel,Williams Selyem
Pinot Noir,Williams Selyem
Pinot Noir,Williams Selyem
Chardonnay,Williams Selyem
Pinot Noir,Williams Selyem
Pinot Noir,Williams Selyem
Pinot Noir,Williams Selyem
Pinot Noir,Williams Selyem
Pinot Noir,Williams Selyem
Sparkling Blend,Williams Selyem
Pinot Noir,Williams Selyem
Zinfandel,Williams Selyem
Chardonnay,Williams Selyem
Chardonnay,Williams Selyem
Chardonnay,Williams Selyem
Pinot Noir,Williams Selyem
Zinfandel,Williams Selyem
Pinot Noir,Williams Selyem
Chardonnay,Williams Selyem
Chardonnay,Williams Selyem
Chardonnay,Williams Selyem
Zinfandel,Williams Selyem
Zinfandel,Williams Selyem
Pinot Noir,Williams Selyem
Pinot Noir,Williams Selyem
Pinot Noir,Williams Selyem
Zinfandel,Williams Selyem
Zinfandel,Williams Selyem
Zinfandel,Williams Selyem
Pinot Noir,Williams Selyem
Pinot Noir,Williams Selyem
Pinot Noir,Williams Selyem
Pinot Noir,Williams Selyem
Pinot Noir,Williams Selyem
Pinot Noir,Williams Selyem
Pinot Noir,Williams Selyem
Pinot Noir,Williams Selyem
Chardonnay,Williams Selyem
Pinot Noir,Williams Selyem
Zinfandel,Williams Selyem
Pinot Noir,Williams Selyem
Pinot Noir,Williams Selyem
Chardonnay,Williams Selyem
Chardonnay,Williams Selyem
Pinot Noir,Williams Selyem
Pinot Noir,Williams Selyem
Pinot Noir,Williams Selyem
Pinot Noir,Williams Selyem
Pinot Noir,Williams Selyem
Pinot Noir,Williams Selyem
Pinot Noir,Williams Selyem
Pinot Noir,Williams Selyem
Pinot Noir,Williams Selyem
Pinot Noir,Williams Selyem
Pinot Noir,Williams Selyem
Pinot Noir,Williams Selyem
Gewürztraminer,Williams Selyem
Chardonnay,Williams Selyem
Pinot Noir,Williams Selyem
Pinot Noir,Williams Selyem
Pinot Noir,Williams Selyem
Pinot Noir,Williams Selyem
Pinot Noir,Williams Selyem
Pinot Noir,Williams Selyem
Muscat,Williams Selyem
Chardonnay,Williams Selyem
Pinot Noir,Williams Selyem
Pinot Noir,Williams Selyem
Pinot Noir,Williams Selyem
Zinfandel,Williams Selyem
Pinot Noir,Williams Selyem
Pinot Noir,Williams Selyem
Zinfandel,Williams Selyem
Pinot Noir,Williams Selyem
Pinot Noir,Williams Selyem
Chardonnay,Williams Selyem
Pinot Noir,Williams Selyem
Pinot Noir,Williams Selyem
Pinot Noir,Williams Selyem
Pinot Noir,Williams Selyem
Pinot Noir,Williams Selyem
Pinot Noir,Williams Selyem
Pinot Noir,Williams Selyem
Pinot Noir,Williams Selyem
Chardonnay,Williams Selyem
Pinot Noir,Williams Selyem
Zinfandel,Williams Selyem
Pinot Noir,Williams Selyem
Pinot Noir,Williams Selyem
Chardonnay,Williams Selyem
Chardonnay,Williams Selyem
Chardonnay,Williams Selyem
Chardonnay,Williams Selyem
Chardonnay,Williams Selyem
Pinot Noir,Williams Selyem
Zinfandel,Williams Selyem
Zinfandel,Williams Selyem
Pinot Noir,Williams Selyem
Pinot Noir,Williams Selyem
Zinfandel,Williams Selyem
Pinot Noir,Williams Selyem
Pinot Noir,Williams Selyem
Zinfandel,Williams Selyem
Pinot Noir,Williams Selyem
Pinot Noir,Williams Selyem
Pinot Noir,Williams Selyem
Chardonnay,Williams Selyem
Chardonnay,Williams Selyem
Chardonnay,Williams Selyem
Zinfandel,Williams Selyem
Pinot Noir,Williams Selyem
Pinot Noir,Williams Selyem
Pinot Noir,Williams Selyem
Zinfandel,Williams Selyem
Zinfandel,Williams Selyem
Zinfandel,Williams Selyem
Zinfandel,Williams Selyem
Pinot Noir,Williams Selyem
Pinot Noir,Williams Selyem
Pinot Noir,Williams Selyem
Chardonnay,Williams Selyem
Pinot Noir,Williams Selyem
Pinot Noir,Williams Selyem
Pinot Noir,Williams Selyem
Pinot Noir,Williams Selyem
